Código IBGE;Municí­pios;Microregião;Estado;Região Geográfica;Área km²;População;Domicílios;PIB Total (R$ mil);IDH - Índice de Desenv. Humano;Renda Média;Renda Nominal;PEA Dia;IDH - Dimensção Educação;IDH - Dimensção Longevidade;Atualização
5200050;Abadia de Goiás;Goiânia;GO;Centro-Oeste;146,78;200;2897;227500,09;0,71;3462,85;10034295,86;5332;0,62;0,83;01/12/2024 20:44:32
5200100;Abadiânia;Entorno de Brasília;GO;Centro-Oeste;1045,13;20461;6281;316431,66;0,69;3248,82;20408330,86;8777;0,58;0,84
5200134;Acreúna;Vale do Rio dos Bois;GO;Centro-Oeste;1566,00;22546;7454;671478,48;0,69;3494,80;26052188,72;10319;0,55;0,82
5200159;Adelândia;Anicuns;GO;Centro-Oeste;115,35;50;894;36543,70;0,70;2956,35;2644077,61;1515;0,62;0,84;01/12/2024 20:43:43
5200175;Água Fria de Goiás;Entorno de Brasília;GO;Centro-Oeste;2029,41;50;1892;255565,62;0,67;2609,37;4938571,32;3036;0,55;0,82;01/12/2024 20:46:17
5200209;Água Limpa;Meia Ponte;GO;Centro-Oeste;452,86;1830;696;45369,13;0,72;2907,12;2023752,51;1367;0,66;0,82
5200258;Águas Lindas de Goiás;Entorno de Brasília;GO;Centro-Oeste;188,38;217698;63025;1884407,89;0,69;3081,68;194223364,73;50745;0,59;0,85
1234568;Albdeo;Overlord;GO;Albdeo;1,00;10;3;4,00;0,10;5,00;6,00;7;0,20;0,30;01/12/2024 20:52:12
5200308;Alexânia;Entorno de Brasília;GO;Centro-Oeste;847,89;28010;9091;811322,77;0,68;2986,65;27152869,08;16629;0,57;0,84
5200506;Aloândia;Meia Ponte;GO;Centro-Oeste;102,16;1986;808;41840,87;0,70;2987,14;2414072,87;1041;0,59;0,83
5200555;Alto Horizonte;Porangatu;GO;Centro-Oeste;503,76;6605;2222;913009,78;0,72;3524,40;7832857,36;6581;0,62;0,84
5200605;Alto Paraíso de Goiás;Chapada dos Veadeiros;GO;Centro-Oeste;2593,90;7688;2458;167586,12;0,71;3313,49;8144587,85;4139;0,61;0,82
5200803;Alvorada do Norte;Vão do Paranã;GO;Centro-Oeste;1259,36;8705;2707;128606,34;0,66;2753,45;7454656,74;3410;0,55;0,82
5200829;Amaralina;Porangatu;GO;Centro-Oeste;1343,17;3845;1274;60092,54;0,61;1648,77;2101225,86;1319;0,49;0,81
5200852;Americano do Brasil;Anicuns;GO;Centro-Oeste;133,56;6164;2243;67555,01;0,70;2941,05;6599572,93;2524;0,63;0,81
5200902;Amorinópolis;Iporá;GO;Centro-Oeste;408,53;3069;1140;60751,25;0,68;2735,45;3120838,36;1305;0,58;0,81
5201108;Anápolis;Anápolis;GO;Centro-Oeste;933,16;391772;127347;14238732,24;0,74;4170,11;531053691,96;270505;0,66;0,82
5201207;Anhanguera;Catalão;GO;Centro-Oeste;56,95;1160;415;17879,60;0,73;3669,87;1523938,09;510;0,66;0,80
5201306;Anicuns;Anicuns;GO;Centro-Oeste;979,23;21981;7733;387017,37;0,71;3279,31;25359110,96;10951;0,63;0,83
5201454;Aparecida do Rio Doce;Sudoeste de Goiás;GO;Centro-Oeste;602,13;2474;869;74499,83;0,69;2674,77;2326805,74;1734;0,58;0,81
5201504;Aporé;Sudoeste de Goiás;GO;Centro-Oeste;2900,16;4232;1465;320053,40;0,69;3382,19;4955280,41;3183;0,58;0,82
5201603;Araçu;Anápolis;GO;Centro-Oeste;148,94;3486;1242;53428,93;0,69;2739,33;3403769,95;1836;0,58;0,84
5201702;Aragarças;Aragarças;GO;Centro-Oeste;662,92;20273;6589;244836,36;0,73;3522,70;23212332,44;7144;0,68;0,83
5201801;Aragoiânia;Goiânia;GO;Centro-Oeste;219,55;10496;3525;108335,41;0,68;3231,05;11390132,41;3861;0,56;0,84
5202155;Araguapaz;Rio Vermelho;GO;Centro-Oeste;2193,70;7783;2776;120573,71;0,67;2934,95;8148809,89;3131;0,54;0,81
5202353;Arenópolis;Aragarças;GO;Centro-Oeste;1074,60;2536;968;142408,82;0,69;2699,20;2615047,33;1514;0,58;0,83
5202502;Aruanã;Rio Vermelho;GO;Centro-Oeste;3050,30;10110;3382;221514,60;0,68;3507,47;11864267,75;4140;0,53;0,83
5202601;Aurilândia;Anicuns;GO;Centro-Oeste;565,34;3058;1190;56895,42;0,70;2455,24;2922851,85;1592;0,62;0,84
5202809;Avelinópolis;Anicuns;GO;Centro-Oeste;173,64;2409;875;44437,71;0,66;2574,59;2252776,81;1530;0,51;0,83
5203104;Baliza;Aragarças;GO;Centro-Oeste;1782,60;5280;1882;77704,34;0,66;1932,34;3636866,14;1448;0,56;0,82
5203203;Barro Alto;Ceres;GO;Centro-Oeste;1093,25;11408;3432;919264,58;0,74;3892,42;13361917,88;9175;0,68;0,85
5203302;Bela Vista de Goiás;Goiânia;GO;Centro-Oeste;1255,42;30492;10517;971073,46;0,72;3498,93;36799263,04;17354;0,61;0,84
5203401;Bom Jardim de Goiás;Aragarças;GO;Centro-Oeste;1899,48;8869;3106;168111,63;0,67;2775,02;8620741,30;3830;0,55;0,81
5203500;Bom Jesus de Goiás;Meia Ponte;GO;Centro-Oeste;1405,12;25648;8451;747000,87;0,70;3322,22;28078798,06;11294;0,57;0,86
5203559;Bonfinópolis;Goiânia;GO;Centro-Oeste;122,29;9919;3244;87077,49;0,68;3168,93;10282388,81;3361;0,58;0,82
5203575;Bonópolis;Porangatu;GO;Centro-Oeste;1628,48;4493;1367;95593,46;0,63;2466,99;3373691,52;2047;0,49;0,81
5203609;Brazabrantes;Anápolis;GO;Centro-Oeste;123,07;3746;1308;108910,41;0,70;3294,96;4310864,73;1565;0,62;0,83
5203807;Britânia;Rio Vermelho;GO;Centro-Oeste;1461,19;5797;2028;113053,16;0,67;2855,53;5793099,07;2860;0,55;0,80
5203906;Buriti Alegre;Meia Ponte;GO;Centro-Oeste;895,46;9484;3444;311200,89;0,71;3375,05;11625425,53;6886;0,61;0,83
5203939;Buriti de Goiás;Anicuns;GO;Centro-Oeste;199,29;2476;947;38073,31;0,69;3092,62;2930179,74;1593;0,57;0,81
5203962;Buritinópolis;Vão do Paranã;GO;Centro-Oeste;247,05;3283;992;75452,00;0,70;2486,76;2467189,62;1317;0,59;0,81
5204003;Cabeceiras;Entorno de Brasília;GO;Centro-Oeste;1127,60;8046;2634;219065,62;0,67;2603,46;6858584,60;3755;0,57;0,82
5204102;Cachoeira Alta;Quirinópolis;GO;Centro-Oeste;1654,56;12666;4258;236330,93;0,71;4044,74;17224727,34;6398;0,57;0,84
5204201;Cachoeira de Goiás;Iporá;GO;Centro-Oeste;422,75;1342;488;27358,69;0,73;2896,09;1413554,92;748;0,67;0,84
5204250;Cachoeira Dourada;Meia Ponte;GO;Centro-Oeste;521,13;8031;2782;893422,77;0,70;3463,21;9635719,88;6299;0,60;0,80
5204300;Caçu;Quirinópolis;GO;Centro-Oeste;2251,01;16270;5506;908793,03;0,73;4426,56;24373939,85;10403;0,60;0,84
5204409;Caiapônia;Sudoeste de Goiás;GO;Centro-Oeste;8637,87;19107;6751;672373,66;0,69;3018,23;20378973,31;8665;0,59;0,81
5204508;Caldas Novas;Meia Ponte;GO;Centro-Oeste;1595,97;93196;31751;2554677,19;0,73;4024,50;127782108,73;65988;0,64;0,83
5204557;Caldazinha;Goiânia;GO;Centro-Oeste;250,89;3848;1329;50661,71;0,69;2998,79;3986277,93;1215;0,59;0,81
5204607;Campestre de Goiás;Vale do Rio dos Bois;GO;Centro-Oeste;273,82;3649;1200;57885,72;0,65;2447,21;2937594,33;1578;0,56;0,80
5204656;Campinaçu;Porangatu;GO;Centro-Oeste;1974,37;3632;1251;61699,74;0,63;2284,73;2860434,91;1611;0,48;0,82
5204706;Campinorte;Porangatu;GO;Centro-Oeste;1067,20;12764;4101;226398,40;0,69;3257,53;13359580,94;4993;0,57;0,84
5204805;Campo Alegre de Goiás;Catalão;GO;Centro-Oeste;2462,99;7738;2565;412523,73;0,69;3625,02;9300651,79;4464;0,59;0,81
5204854;Campo Limpo de Goiás;Anápolis;GO;Centro-Oeste;159,56;7940;2535;101425,90;0,66;3091,18;7836363,30;3732;0,53;0,83
5204904;Campos Belos;Chapada dos Veadeiros;GO;Centro-Oeste;724,07;20007;6072;268750,03;0,69;2947,60;17898990,75;8649;0,62;0,82
5204953;Campos Verdes;Porangatu;GO;Centro-Oeste;441,65;1830;633;44744,45;0,65;2097,57;1328215,96;1273;0,58;0,80
5205000;Carmo do Rio Verde;Ceres;GO;Centro-Oeste;418,54;10186;3579;249647,77;0,71;2914,27;10430480,07;4735;0,65;0,82
5205059;Castelândia;Sudoeste de Goiás;GO;Centro-Oeste;297,43;3407;1175;101370,21;0,70;2858,09;3359253,82;1576;0,58;0,82
5205109;Catalão;Catalão;GO;Centro-Oeste;3821,46;110983;37311;6108291,67;0,77;4717,44;176013838,40;72805;0,72;0,82
5205208;Caturaí;Anápolis;GO;Centro-Oeste;207,26;5101;1718;68277,89;0,66;3104,23;5333809,99;2134;0,54;0,82
5205307;Cavalcante;Chapada dos Veadeiros;GO;Centro-Oeste;6953,65;9725;2897;253197,75;0,58;2108,07;6107534,14;3752;0,42;0,81
5205406;Ceres;Ceres;GO;Centro-Oeste;214,32;22306;7679;549501,41;0,78;4051,62;31112759,98;16343;0,73;0,84
5205455;Cezarina;Vale do Rio dos Bois;GO;Centro-Oeste;415,81;8703;2871;287096,21;0,71;3308,02;9498157,98;4938;0,65;0,81
5205471;Chapadão do Céu;Sudoeste de Goiás;GO;Centro-Oeste;2185,13;10486;3275;1106080,14;0,74;4895,50;16033546,83;10431;0,65;0,84
5205497;Cidade Ocidental;Entorno de Brasília;GO;Centro-Oeste;389,92;72890;21571;795632,75;0,72;3743,38;80751860,85;20875;0,64;0,81
5205513;Cocalzinho de Goiás;Entorno de Brasília;GO;Centro-Oeste;1789,04;20504;6478;326069,96;0,66;2732,50;17702789,24;7365;0,53;0,83
5205521;Colinas do Sul;Chapada dos Veadeiros;GO;Centro-Oeste;1708,19;3360;1080;45304,21;0,66;2515,92;2718597,80;1275;0,55;0,82
5205703;Córrego do Ouro;Iporá;GO;Centro-Oeste;462,30;2290;864;45768,39;0,69;3188,18;2754989,67;1242;0,58;0,80
5205802;Corumbá de Goiás;Entorno de Brasília;GO;Centro-Oeste;1061,95;11169;3598;174495,55;0,68;2809,53;10110850,99;4763;0,57;0,83
5205901;Corumbaíba;Catalão;GO;Centro-Oeste;1883,67;9869;3369;588941,82;0,70;3357,62;11311964,54;7369;0,58;0,83
5206206;Cristalina;Entorno de Brasília;GO;Centro-Oeste;6162,06;60210;18021;2327741,20;0,70;3559,78;64153345,12;34620;0,59;0,81
5206305;Cristianópolis;Pires do Rio;GO;Centro-Oeste;225,36;2964;1098;73396,84;0,69;2964,64;3257959,41;1695;0,55;0,84
5206404;Crixás;São Miguel do Araguaia;GO;Centro-Oeste;4661,16;17044;5695;521765,51;0,71;3161,75;18007485,03;11587;0,63;0,81
5206503;Cromínia;Meia Ponte;GO;Centro-Oeste;364,11;3472;1280;70266,15;0,71;2805,52;3593185,58;2034;0,63;0,80
5206602;Cumari;Catalão;GO;Centro-Oeste;570,54;2837;1033;60561,50;0,74;3413,98;3528362,45;1361;0,66;0,82
5206701;Damianópolis;Vão do Paranã;GO;Centro-Oeste;415,35;3306;1093;33750,69;0,65;2041,53;2233005,95;1173;0,56;0,82
5206800;Damolândia;Anápolis;GO;Centro-Oeste;84,50;2953;1073;39743,36;0,70;2892,81;3104753,17;1260;0,60;0,82
5206909;Davinópolis;Catalão;GO;Centro-Oeste;481,30;2094;812;388543,93;0,72;3382,56;2749484,20;1305;0,61;0,86
5207105;Diorama;Aragarças;GO;Centro-Oeste;687,35;2479;893;55101,43;0,73;2922,35;2609736,43;1048;0,70;0,84
5208301;Divinópolis de Goiás;Vão do Paranã;GO;Centro-Oeste;830,98;4778;1587;63466,60;0,65;2143,92;3402880,02;1872;0,55;0,81
5207253;Doverlândia;Sudoeste de Goiás;GO;Centro-Oeste;3222,94;7247;2498;237058,52;0,67;3088,01;7715214,55;3406;0,52;0,84
5207352;Edealina;Vale do Rio dos Bois;GO;Centro-Oeste;603,65;3688;1403;252407,91;0,70;3276,01;4598817,96;2414;0,59;0,81
5207402;Edéia;Vale do Rio dos Bois;GO;Centro-Oeste;1461,50;12467;4374;836398,72;0,74;4004,97;17518902,44;7848;0,65;0,83
5207501;Estrela do Norte;Porangatu;GO;Centro-Oeste;301,64;3264;1107;52167,17;0,71;3417,57;3785681,63;1468;0,59;0,85
5207535;Faina;Rio Vermelho;GO;Centro-Oeste;1945,66;6576;2310;107641,11;0,65;2526,27;5837517,41;3038;0,53;0,80
5207600;Fazenda Nova;Iporá;GO;Centro-Oeste;1281,42;5553;2052;101624,51;0,69;2730,76;5605269,70;2631;0,58;0,83
5207808;Firminópolis;Anicuns;GO;Centro-Oeste;423,65;13449;4749;175546,28;0,73;3163,36;15024768,82;5714;0,69;0,84
5207907;Flores de Goiás;Vão do Paranã;GO;Centro-Oeste;3709,42;17005;4634;143538,65;0,60;1636,76;7585333,50;4712;0,46;0,80
5208004;Formosa;Entorno de Brasília;GO;Centro-Oeste;5811,78;123684;38709;2333468,67;0,74;3835,63;148475800,16;53303;0,67;0,85
5208103;Formoso;Porangatu;GO;Centro-Oeste;844,29;4172;1483;65677,33;0,72;2938,27;4358065,23;1890;0,64;0,83
5208152;Gameleira de Goiás;Pires do Rio;GO;Centro-Oeste;591,99;3880;1308;153332,82;0,66;3031,79;3968318,50;1755;0,50;0,83
5208400;Goianápolis;Goiânia;GO;Centro-Oeste;162,44;11224;3536;209905,84;0,70;3179,96;11245605,83;5691;0,62;0,83
5208509;Goiandira;Catalão;GO;Centro-Oeste;564,69;5625;1967;130025,00;0,76;3811,07;7497343,45;2580;0,73;0,85
5208608;Goianésia;Ceres;GO;Centro-Oeste;1547,27;71075;22488;1388941,86;0,73;3974,53;89379395,70;42825;0,64;0,84
5208806;Goianira;Goiânia;GO;Centro-Oeste;209,04;45296;14294;938970,40;0,69;3401,44;48621984,37;17738;0,60;0,83
5208905;Goiás;Rio Vermelho;GO;Centro-Oeste;3108,02;22381;7940;461454,15;0,71;3493,47;27739604,98;12987;0,62;0,81
5209101;Goiatuba;Meia Ponte;GO;Centro-Oeste;2475,11;34202;11958;1544144,59;0,73;3735,91;44677621,57;26331;0,63;0,83
5209150;Gouvelândia;Quirinópolis;GO;Centro-Oeste;824,26;5988;2159;179358,96;0,67;3032,71;6549922,69;2427;0,56;0,81
5209200;Guapó;Goiânia;GO;Centro-Oeste;516,84;14207;4774;204153,88;0,70;3209,92;15325334,65;5932;0,58;0,83
5209291;Guaraíta;Ceres;GO;Centro-Oeste;205,31;1951;729;33140,09;0,69;2410,97;1759679,54;1038;0,63;0,82
5209408;Guarani de Goiás;Vão do Paranã;GO;Centro-Oeste;1229,15;3846;1172;53235,01;0,64;1903,80;2231697,86;1637;0,56;0,81
5209457;Guarinos;Ceres;GO;Centro-Oeste;595,87;1737;637;58751,31;0,65;1891,57;1206207,60;964;0,56;0,82
5209606;Heitoraí;Anápolis;GO;Centro-Oeste;229,64;3733;1310;56442,02;0,69;2434,90;3191865,09;1652;0,62;0,81
5209705;Hidrolândia;Goiânia;GO;Centro-Oeste;943,90;22124;7206;1145750,93;0,71;3899,97;28104506,60;15684;0,60;0,83
5209804;Hidrolina;Ceres;GO;Centro-Oeste;580,39;3508;1255;55913,20;0,68;2731,47;3428925,88;1344;0,58;0,82
5209903;Iaciara;Vão do Paranã;GO;Centro-Oeste;1550,37;14082;4021;161470,24;0,64;2486,63;10000787,94;5215;0,53;0,83
5209937;Inaciolândia;Meia Ponte;GO;Centro-Oeste;688,40;6235;2118;209806,48;0,69;3248,01;6880561,11;2883;0,59;0,82
5209952;Indiara;Vale do Rio dos Bois;GO;Centro-Oeste;956,47;15787;5175;318488,03;0,70;3466,73;17942020,66;8111;0,59;0,84
5210000;Inhumas;Anápolis;GO;Centro-Oeste;613,23;53259;17623;1136229,49;0,72;3707,77;65345041,28;31298;0,62;0,84
5210109;Ipameri;Catalão;GO;Centro-Oeste;4368,99;27174;9324;1486439,57;0,70;3471,63;32372580,23;16484;0,59;0,82
5210158;Ipiranga de Goiás;Ceres;GO;Centro-Oeste;241,29;2893;1078;53404,53;0,70;2438,93;2629683,10;1221;0,64;0,82
5210208;Iporá;Iporá;GO;Centro-Oeste;1026,38;31499;11636;658207,28;0,74;3519,41;40952345,34;17309;0,67;0,84
5210307;Israelândia;Iporá;GO;Centro-Oeste;577,48;2786;1020;48569,26;0,71;2855,14;2914675,49;1288;0,65;0,83
5210406;Itaberaí;Anápolis;GO;Centro-Oeste;1457,28;43622;14407;1288948,07;0,72;3572,93;51477153,58;30205;0,61;0,83
5210562;Itaguari;Anápolis;GO;Centro-Oeste;146,64;4685;1710;70411,07;0,69;3104,27;5308559,34;2311;0,60;0,82
5210604;Itaguaru;Anápolis;GO;Centro-Oeste;239,68;5206;1868;77053,29;0,72;3069,39;5733625,10;2355;0,65;0,83
5210802;Itajá;Quirinópolis;GO;Centro-Oeste;2091,40;4475;1565;99163,70;0,69;3291,31;5151244,71;2483;0,57;0,84
5210901;Itapaci;Ceres;GO;Centro-Oeste;956,13;23421;7838;342750,82;0,73;3497,92;27416805,32;10843;0,63;0,84
5211008;Itapirapuã;Rio Vermelho;GO;Centro-Oeste;2043,71;4685;1729;143055,45;0,68;2845,27;4920152,26;3548;0,57;0,82
5211206;Itapuranga;Ceres;GO;Centro-Oeste;1276,48;25681;9368;422456,22;0,73;3102,31;29063049,83;12653;0,65;0,84
5211305;Itarumã;Quirinópolis;GO;Centro-Oeste;3433,63;7259;2472;245224,48;0,69;3991,52;9869620,53;3546;0,50;0,86
5211404;Itauçu;Anápolis;GO;Centro-Oeste;383,84;8960;3154;142457,60;0,72;3287,08;10369891,73;4473;0,64;0,83
5211503;Itumbiara;Meia Ponte;GO;Centro-Oeste;2462,93;105809;36502;4187512,28;0,75;4086,40;149165759,98;80473;0,68;0,84
5211602;Ivolândia;Iporá;GO;Centro-Oeste;1257,66;2334;900;84886,43;0,70;2735,92;2464113,79;1294;0,62;0,83
5211701;Jandaia;Vale do Rio dos Bois;GO;Centro-Oeste;864,11;6025;2279;245069,15;0,71;3164,36;7211895,07;4861;0,63;0,82
5211800;Jaraguá;Anápolis;GO;Centro-Oeste;1849,55;51338;16625;705087,51;0,70;3381,98;56226551,47;20968;0,59;0,84
5211909;Jataí;Sudoeste de Goiás;GO;Centro-Oeste;7174,23;102065;33467;4599881,39;0,76;4488,41;150215949,63;65535;0,66;0,86
5212006;Jaupaci;Iporá;GO;Centro-Oeste;527,10;2860;1044;49282,58;0,69;2707,35;2827280,81;1450;0,60;0,82
5212055;Jesúpolis;Anápolis;GO;Centro-Oeste;122,48;2506;843;29114,36;0,65;2710,37;2286000,01;1030;0,52;0,81
5212105;Joviânia;Meia Ponte;GO;Centro-Oeste;445,49;7402;2612;210209,58;0,71;3529,31;9219945,50;3205;0,60;0,83
5212204;Jussara;Rio Vermelho;GO;Centro-Oeste;4084,11;18371;6429;445322,24;0,74;3401,74;21870660,70;10623;0,64;0,84
5212253;Lagoa Santa;Quirinópolis;GO;Centro-Oeste;458,87;1621;582;39391,54;0,74;3456,49;2013706,06;958;0,64;0,87
5212303;Leopoldo de Bulhões;Goiânia;GO;Centro-Oeste;480,89;7651;2576;225523,27;0,66;2958,58;7622081,57;5450;0,53;0,81
5212501;Luziânia;Entorno de Brasília;GO;Centro-Oeste;3961,12;211508;63020;3578084,58;0,70;3572,02;225111669,00;76814;0,60;0,83
5212600;Mairipotaba;Meia Ponte;GO;Centro-Oeste;467,43;2363;880;50284,20;0,75;2943,71;2592183,13;1192;0,65;0,85
5212709;Mambaí;Vão do Paranã;GO;Centro-Oeste;880,62;9081;2641;81436,82;0,63;2306,85;6094230,26;3037;0,49;0,82
5212808;Mara Rosa;Porangatu;GO;Centro-Oeste;1687,90;9363;3189;192491,97;0,69;3072,32;9798713,97;4224;0,58;0,84
5212907;Marzagão;Meia Ponte;GO;Centro-Oeste;222,43;2250;803;41951,19;0,70;3218,18;2584882,73;1121;0,60;0,82
5212956;Matrinchã;Rio Vermelho;GO;Centro-Oeste;1150,89;4336;1526;98059,01;0,68;2647,32;4042412,34;2248;0,57;0,84
5213004;Maurilândia;Sudoeste de Goiás;GO;Centro-Oeste;389,76;14327;4610;226101,99;0,68;3511,16;16189137,57;5129;0,55;0,82
5213053;Mimoso de Goiás;Entorno de Brasília;GO;Centro-Oeste;1386,91;2583;870;57223,56;0,67;2492,41;2168751,03;1363;0,54;0,83
5213087;Minaçu;Porangatu;GO;Centro-Oeste;2860,73;28793;9399;1034924,68;0,71;2983,95;28048930,73;12190;0,64;0,80
5213103;Mineiros;Sudoeste de Goiás;GO;Centro-Oeste;9060,10;68154;21401;2567590,55;0,72;4245,28;90853809,95;44007;0,58;0,84
5213400;Moiporá;Iporá;GO;Centro-Oeste;460,62;1501;564;34914,80;0,70;2602,41;1470120,18;1043;0,63;0,82
5213509;Monte Alegre de Goiás;Chapada dos Veadeiros;GO;Centro-Oeste;3119,80;8684;2550;82243,42;0,62;2043,47;5211448,91;3082;0,48;0,82
5213707;Montes Claros de Goiás;Aragarças;GO;Centro-Oeste;2899,18;8047;2881;293741,29;0,71;3229,17;9303393,65;5001;0,62;0,81
5213756;Montividiu;Sudoeste de Goiás;GO;Centro-Oeste;1874,15;13672;4433;780259,15;0,73;4160,03;18442933,83;7247;0,64;0,83
5213772;Montividiu do Norte;Porangatu;GO;Centro-Oeste;1332,99;4509;1412;69768,73;0,61;1841,78;2602086,44;1836;0,49;0,82
5213806;Morrinhos;Meia Ponte;GO;Centro-Oeste;2846,20;46548;16673;1370454,99;0,73;3802,31;63396831,32;29178;0,62;0,86
5213855;Morro Agudo de Goiás;Ceres;GO;Centro-Oeste;282,62;2232;817;38965,22;0,70;2578,10;2107243,68;1966;0,63;0,83
5213905;Mossâmedes;Anicuns;GO;Centro-Oeste;684,45;4206;1538;78295,00;0,71;2907,07;4473655,10;2791;0,62;0,81
5214002;Mozarlândia;São Miguel do Araguaia;GO;Centro-Oeste;1734,36;15870;5312;528865,18;0,68;3379,89;17955835,32;10851;0,57;0,83
5214051;Mundo Novo;São Miguel do Araguaia;GO;Centro-Oeste;2146,65;4713;1654;96767,61;0,63;2563,79;4241101,61;2686;0,49;0,81
5214101;Mutunópolis;Porangatu;GO;Centro-Oeste;955,87;3764;1337;61205,39;0,68;2574,04;3442796,73;1491;0,58;0,81
5214408;Nazário;Anicuns;GO;Centro-Oeste;269,10;9260;3333;177123,79;0,71;3234,06;10780620,29;4918;0,63;0,81
5214507;Nerópolis;Goiânia;GO;Centro-Oeste;204,22;30395;9667;729808,92;0,72;3453,13;33383088,38;19556;0,67;0,82
5214606;Niquelândia;Porangatu;GO;Centro-Oeste;9843,24;46730;14935;1106850,12;0,72;3398,12;50753655,75;21666;0,64;0,81
5214705;Nova América;Ceres;GO;Centro-Oeste;212,03;2357;843;37488,95;0,68;2772,77;2339110,21;960;0,60;0,80
5214804;Nova Aurora;Catalão;GO;Centro-Oeste;302,66;2222;824;49202,34;0,75;3347,46;2758457,65;961;0,70;0,85
5214838;Nova Crixás;São Miguel do Araguaia;GO;Centro-Oeste;7298,78;12945;4454;356302,68;0,64;2918,91;13002223,38;7431;0,49;0,81
5214861;Nova Glória;Ceres;GO;Centro-Oeste;412,95;8112;2950;117706,07;0,68;2502,64;7383486,49;3656;0,59;0,82
5214879;Nova Iguaçu de Goiás;Porangatu;GO;Centro-Oeste;628,44;2934;1008;41120,58;0,66;2678,69;2701165,75;1031;0,54;0,81
5214903;Nova Roma;Chapada dos Veadeiros;GO;Centro-Oeste;2135,96;3236;1095;45009,83;0,63;2000,42;2190811,17;1471;0,53;0,81
5215009;Nova Veneza;Anápolis;GO;Centro-Oeste;123,38;10018;3182;182680,47;0,72;3380,61;10757344,65;4379;0,66;0,84
5215207;Novo Brasil;Iporá;GO;Centro-Oeste;649,95;2843;1122;56094,14;0,70;3046,85;3420609,91;1747;0,60;0,83
5215231;Novo Gama;Entorno de Brasília;GO;Centro-Oeste;194,15;117703;34263;955266,12;0,68;3308,67;113366693,97;30291;0,57;0,85
5215256;Novo Planalto;São Miguel do Araguaia;GO;Centro-Oeste;1242,73;4544;1605;103728,88;0,66;2099,83;3371807,26;1940;0,55;0,83
5215306;Orizona;Pires do Rio;GO;Centro-Oeste;1972,88;15725;5583;518707,81;0,72;3620,01;20212379,48;7914;0,61;0,83
5215405;Ouro Verde de Goiás;Anápolis;GO;Centro-Oeste;208,77;3723;1284;109647,87;0,72;2967,81;3811885,84;1681;0,67;0,82
5215504;Ouvidor;Catalão;GO;Centro-Oeste;413,78;6782;2355;761881,42;0,75;3927,06;9249948,41;6621;0,70;0,83
5215603;Padre Bernardo;Entorno de Brasília;GO;Centro-Oeste;3138,86;34430;10439;506796,01;0,65;2939,26;30683579,91;13050;0,52;0,80
5215652;Palestina de Goiás;Sudoeste de Goiás;GO;Centro-Oeste;1320,69;3467;1195;91803,78;0,71;2835,30;3388990,53;1615;0,66;0,84
5215702;Palmeiras de Goiás;Vale do Rio dos Bois;GO;Centro-Oeste;1539,69;29392;10156;1006155,54;0,70;3409,72;34630204,34;19693;0,60;0,82
5215801;Palmelo;Pires do Rio;GO;Centro-Oeste;58,96;2381;834;39098,33;0,73;3240,82;2702925,23;1260;0,66;0,80
5215900;Palminópolis;Vale do Rio dos Bois;GO;Centro-Oeste;387,69;3582;1339;143637,42;0,72;3159,36;4231966,09;2092;0,63;0,83
5216007;Panamá;Meia Ponte;GO;Centro-Oeste;433,76;2603;992;87364,33;0,69;3097,01;3073088,83;1343;0,57;0,82
5216304;Paranaiguara;Quirinópolis;GO;Centro-Oeste;1153,83;10140;3564;185182,54;0,71;3568,99;12720546,07;4542;0,61;0,84
5216403;Paraúna;Vale do Rio dos Bois;GO;Centro-Oeste;3779,38;10980;3702;900916,75;0,67;3253,95;12047191,18;8112;0,55;0,81
5216452;Perolândia;Sudoeste de Goiás;GO;Centro-Oeste;1029,63;3143;1032;334525,34;0,68;3331,56;3440141,44;3586;0,54;0,83
5216809;Petrolina de Goiás;Anápolis;GO;Centro-Oeste;531,30;10261;3415;147982,61;0,71;3279,26;11200658,92;4453;0,64;0,83
5216908;Pilar de Goiás;Ceres;GO;Centro-Oeste;906,65;2194;743;200517,08;0,68;2377,48;1768152,21;1855;0,60;0,82
5217104;Piracanjuba;Meia Ponte;GO;Centro-Oeste;2405,12;24548;9018;793762,37;0,72;3647,45;32895498,05;12798;0,60;0,87
5217203;Piranhas;Aragarças;GO;Centro-Oeste;2047,77;10272;3819;378442,51;0,72;3088,50;11795326,99;5223;0,63;0,85
5217302;Pirenópolis;Entorno de Brasília;GO;Centro-Oeste;2205,01;25064;8257;448361,52;0,69;3136,18;25896283,58;13383;0,60;0,81
5217401;Pires do Rio;Pires do Rio;GO;Centro-Oeste;1073,36;31686;10765;896330,24;0,74;3826,79;41197803,29;21019;0,65;0,88
5217609;Planaltina;Entorno de Brasília;GO;Centro-Oeste;2538,20;90640;26451;1085976,57;0,67;3236,49;85611144,07;28772;0,57;0,81
5217708;Pontalina;Meia Ponte;GO;Centro-Oeste;1436,95;17860;6597;488891,78;0,69;3115,80;20555519,80;9462;0,55;0,84
5218003;Porangatu;Porangatu;GO;Centro-Oeste;4820,51;45633;15120;939661,32;0,73;3197,28;48342927,54;22782;0,64;0,85
5218052;Porteirão;Meia Ponte;GO;Centro-Oeste;603,94;3931;1308;191428,16;0,68;3974,41;5200942,65;2738;0,54;0,83
5218102;Portelândia;Sudoeste de Goiás;GO;Centro-Oeste;556,58;4022;1350;215876,71;0,65;3320,46;4485719,91;2549;0,51;0,80
5218300;Posse;Vão do Paranã;GO;Centro-Oeste;2024,53;37414;11165;507960,93;0,66;2971,03;33174396,31;15753;0,53;0,82
5218391;Professor Jamil;Meia Ponte;GO;Centro-Oeste;347,47;3203;1128;58984,42;0,68;2979,27;3362515,93;1556;0,58;0,82
5218508;Quirinópolis;Quirinópolis;GO;Centro-Oeste;3786,70;50701;17350;1685283,55;0,74;3973,82;68947028,14;35681;0,64;0,86
5218607;Rialma;Ceres;GO;Centro-Oeste;268,47;10940;3640;220384,08;0,73;3533,47;12865368,63;6084;0,67;0,83
5218706;Rianápolis;Ceres;GO;Centro-Oeste;159,26;4817;1594;94132,20;0,69;3260,97;5200529,21;2144;0,59;0,84
5218789;Rio Quente;Meia Ponte;GO;Centro-Oeste;255,96;4612;1571;326340,08;0,73;3498,96;5499919,83;8004;0,63;0,88
5218805;Rio Verde;Sudoeste de Goiás;GO;Centro-Oeste;8379,66;241518;79245;9602904,68;0,75;4316,19;342037998,25;159503;0,66;0,85
5218904;Rubiataba;Ceres;GO;Centro-Oeste;748,26;19947;6982;432333,11;0,72;3240,03;22624528,09;12915;0,67;0,81
5219001;Sanclerlândia;Anicuns;GO;Centro-Oeste;496,83;7632;2815;135865,94;0,74;3247,17;9143219,97;4897;0,66;0,83
5219100;Santa Bárbara de Goiás;Anicuns;GO;Centro-Oeste;139,60;6634;2235;93755,45;0,71;3162,95;7072315,88;3271;0,64;0,83
5219209;Santa Cruz de Goiás;Pires do Rio;GO;Centro-Oeste;1108,96;2819;1037;131515,07;0,69;3268,14;3389383,80;1453;0,56;0,83
5219258;Santa Fé de Goiás;Rio Vermelho;GO;Centro-Oeste;1169,17;5523;1891;293932,16;0,71;3265,95;6176546,02;3769;0,61;0,85
5219308;Santa Helena de Goiás;Sudoeste de Goiás;GO;Centro-Oeste;1141,33;38808;13178;1098558,98;0,72;3705,86;48838734,40;20390;0,63;0,82
5219357;Santa Isabel;Ceres;GO;Centro-Oeste;807,20;3815;1386;73624,80;0,68;2773,00;3844543,67;1832;0,59;0,82
5219407;Santa Rita do Araguaia;Sudoeste de Goiás;GO;Centro-Oeste;1361,77;8935;3042;126207,74;0,71;3588,74;10918906,77;3151;0,62;0,84
5219456;Santa Rita do Novo Destino;Ceres;GO;Centro-Oeste;956,04;3355;1065;84371,51;0,63;2629,77;2802256,96;1843;0,49;0,82
5219506;Santa Rosa de Goiás;Anápolis;GO;Centro-Oeste;164,10;2252;804;41141,05;0,70;2587,54;2081429,38;1253;0,64;0,84
5219605;Santa Tereza de Goiás;Porangatu;GO;Centro-Oeste;794,56;3280;1181;60546,41;0,67;2122,43;2506956,45;1638;0,56;0,83
5219704;Santa Terezinha de Goiás;Porangatu;GO;Centro-Oeste;1202,24;8562;2863;129761,92;0,70;2582,67;7394185,00;3856;0,64;0,83
5219712;Santo Antônio da Barra;Sudoeste de Goiás;GO;Centro-Oeste;451,60;4854;1641;226857,58;0,69;2877,46;4724248,21;3430;0,59;0,84
5219738;Santo Antônio de Goiás;Goiânia;GO;Centro-Oeste;132,81;6440;2010;131521,01;0,72;3659,20;7355001,95;4610;0,66;0,83
5219753;Santo Antônio do Descoberto;Entorno de Brasília;GO;Centro-Oeste;944,05;75829;22378;672227,99;0,67;3030,92;67828678,49;23821;0,56;0,82
5219803;São Domingos;Vão do Paranã;GO;Centro-Oeste;3295,73;13103;3995;160523,17;0,60;1811,70;7239411,08;3368;0,45;0,83
5219902;São Francisco de Goiás;Anápolis;GO;Centro-Oeste;415,79;6267;2157;102540,89;0,65;2799,72;6041795,03;2884;0,51;0,83
5220009;São João d'Aliança;Chapada dos Veadeiros;GO;Centro-Oeste;3327,37;14085;4034;293002,13;0,69;2972,49;11991698,95;4742;0,61;0,81
5220058;São João da Paraúna;Vale do Rio dos Bois;GO;Centro-Oeste;287,83;1345;506;52295,33;0,72;3013,85;1527336,85;865;0,66;0,82
5220108;São Luís de Montes Belos;Anicuns;GO;Centro-Oeste;826,00;34157;12415;845308,41;0,73;3697,35;45903554,51;19940;0,67;0,81
5220157;São Luíz do Norte;Ceres;GO;Centro-Oeste;586,06;5215;1768;121404,91;0,67;2753,56;4870348,40;2096;0,58;0,80
5220207;São Miguel do Araguaia;São Miguel do Araguaia;GO;Centro-Oeste;6144,40;21920;7454;485064,95;0,66;2839,86;21170489,82;10881;0,54;0,82
5220264;São Miguel do Passa Quatro;Pires do Rio;GO;Centro-Oeste;537,79;4082;1403;145837,74;0,70;3230,14;4532787,34;2485;0,62;0,80
5220280;São Patrício;Ceres;GO;Centro-Oeste;171,96;2037;748;35139,08;0,69;2803,25;2097447,37;2989;0,60;0,83
5220405;São Simão;Quirinópolis;GO;Centro-Oeste;414,01;20985;7079;773971,60;0,72;4026,71;28508241,50;10418;0,60;0,83
5220454;Senador Canedo;Goiânia;GO;Centro-Oeste;245,28;118451;35502;3739802,47;0,70;3522,39;125053184,55;53147;0,62;0,83
5220504;Serranópolis;Sudoeste de Goiás;GO;Centro-Oeste;5526,73;8642;2920;409245,72;0,68;3657,07;10679058,92;6041;0,55;0,80
5220603;Silvânia;Pires do Rio;GO;Centro-Oeste;2345,94;20816;7010;737273,62;0,71;3675,69;25767126,96;11438;0,61;0,81
5220686;Simolândia;Vão do Paranã;GO;Centro-Oeste;347,98;6879;2009;103470,22;0,65;2317,06;4656200,77;2714;0,55;0,83
5220702;Sítio d´Abadia;Vão do Paranã;GO;Centro-Oeste;1598,34;3001;922;48445,32;0,62;1901,51;1753315,61;1062;0,50;0,80
5221007;Taquaral de Goiás;Anápolis;GO;Centro-Oeste;204,22;3521;1327;63921,82;0,72;3254,43;4321323,30;2097;0,62;0,85
5221080;Teresina de Goiás;Chapada dos Veadeiros;GO;Centro-Oeste;774,64;3498;982;32458,77;0,66;2728,51;2680777,40;1193;0,56;0,82
5221197;Terezópolis de Goiás;Goiânia;GO;Centro-Oeste;106,91;8186;2569;199994,97;0,69;3034,68;7797466,90;3489;0,62;0,80
5221304;Três Ranchos;Catalão;GO;Centro-Oeste;282,07;2830;988;49513,62;0,75;3674,76;3633152,84;1498;0,67;0,85
5221403;Trindade;Goiânia;GO;Centro-Oeste;710,71;129823;41393;2151414,95;0,70;3405,82;140978164,65;57137;0,61;0,82
5221452;Trombas;Porangatu;GO;Centro-Oeste;799,12;3498;1226;51743,75;0,65;2197,45;2694738,91;1442;0,55;0,81
5221502;Turvânia;Anicuns;GO;Centro-Oeste;480,78;4564;1695;85079,49;0,70;2827,90;4794351,33;2409;0,61;0,82
5221551;Turvelândia;Vale do Rio dos Bois;GO;Centro-Oeste;933,96;5365;1754;351441,16;0,69;3193,21;5602723,65;5628;0,61;0,81
5221577;Uirapuru;São Miguel do Araguaia;GO;Centro-Oeste;1153,47;2840;1004;43692,41;0,67;2439,69;2449731,28;1283;0,58;0,82
5221601;Uruaçu;Porangatu;GO;Centro-Oeste;2141,82;40840;13510;845362,01;0,74;3599,15;48625795,47;21052;0,63;0,86
5221700;Uruana;Ceres;GO;Centro-Oeste;522,51;13818;4947;211856,44;0,70;2731,80;13515290,94;5158;0,63;0,82
5221809;Urutaí;Pires do Rio;GO;Centro-Oeste;626,72;3066;1072;87332,75;0,73;3395,10;3642256,87;1844;0,67;0,84
5221858;Valparaíso de Goiás;Entorno de Brasília;GO;Centro-Oeste;60,53;172135;53213;2559584,52;0,75;4195,05;223231689,87;61489;0,70;0,82
5221908;Varjão;Vale do Rio dos Bois;GO;Centro-Oeste;519,19;3838;1384;66147,04;0,69;3249,38;4498058,35;1156;0,57;0,81
5222005;Vianópolis;Pires do Rio;GO;Centro-Oeste;954,28;13977;4636;440221,99;0,71;3765,13;17457551,66;7485;0,62;0,82
5222054;Vicentinópolis;Meia Ponte;GO;Centro-Oeste;737,26;8873;2951;322359,33;0,68;3485,82;10287462,22;6012;0,56;0,80
5222203;Vila Boa;Entorno de Brasília;GO;Centro-Oeste;1060,17;6312;1951;103408,14;0,65;2534,97;4946157,06;2807;0,53;0,82
5222302;Vila Propício;Entorno de Brasília;GO;Centro-Oeste;2181,58;5882;1767;163782,38;0,63;2426,94;4289808,50;3069;0,51;0,80
1234567;Willian;Junior;GO;Albedo;1,00;2;3;4,00;0,10;5,00;6,00;7;0,20;0,30
